<?xml version="1.0" encoding="UTF-8"?>
<project-private xmlns="http://www.netbeans.org/ns/project-private/1">
    <editor-bookmarks xmlns="http://www.netbeans.org/ns/editor-bookmarks/2" lastBookmarkId="0"/>
    <open-files xmlns="http://www.netbeans.org/ns/projectui-open-files/2">
        <group>
            <file>file:/D:/Ria/SEM%204/Java/NetBeansProjects/SingleLinkedList/src/singlelinkedlist/EmployeeNode.java</file>
            <file>file:/D:/Ria/SEM%204/Java/NetBeansProjects/SingleLinkedList/src/singlelinkedlist/Employee.java</file>
            <file>file:/D:/Ria/SEM%204/Java/NetBeansProjects/SingleLinkedList/src/singlelinkedlist/SingleLinkedList.java</file>
        </group>
    </open-files>
</project-private>
